atr_period,mult,macd_fast,macd_slow,macd_sig,vol_min,sharpe,ann_return,total_return,max_dd,calmar,n_trades,win_rate,avg_trade,in_market,param_label
14,1.5,8,26,7,0.0,5.722490556113765,23.056634893218494,77.68406280005155,-0.09772036123132133,235.94504361930646,75,0.36,0.19085196796792692,26.84630738522954,"ST(ATR14/x1.5)+MACD(8,26,7)/V0.0"
14,1.5,12,26,7,0.0,5.706718953085163,23.462073690102795,79.50997034095742,-0.11372889447438203,206.2982657005229,70,0.4142857142857143,0.4796057658898214,28.409846972721226,"ST(ATR14/x1.5)+MACD(12,26,7)/V0.0"
7,1.5,12,21,7,0.0,5.670205795172904,41.85261217639628,172.80269796117074,-0.1397487525905774,299.48469235365616,75,0.38666666666666666,1.2111353104315397,29.673985362608118,"ST(ATR7/x1.5)+MACD(12,21,7)/V0.0"
14,1.5,8,26,9,0.0,5.660732570085562,22.36970254115798,74.61659388235536,-0.11909698618978422,187.82761224126415,70,0.38571428571428573,0.6064899149651305,27.644710578842314,"ST(ATR14/x1.5)+MACD(8,26,9)/V0.0"
7,1.5,8,21,9,0.0,5.654558199444289,39.9147360731318,162.10623632673344,-0.12654929395036735,315.4086034552383,76,0.3684210526315789,1.115958971426187,27.91084497671324,"ST(ATR7/x1.5)+MACD(8,21,9)/V0.0"
7,1.5,12,21,9,0.0,5.606802010899601,37.50367821528116,149.05991284872596,-0.1386217634847519,270.54682664895176,68,0.38235294117647056,1.5304050798863065,29.17498336660013,"ST(ATR7/x1.5)+MACD(12,21,9)/V0.0"
7,1.5,8,26,9,0.0,5.55426487642879,32.522497194240806,123.07402496828837,-0.13974875259057748,232.72119851775784,75,0.38666666666666666,0.6765987659271422,29.44111776447106,"ST(ATR7/x1.5)+MACD(8,26,9)/V0.0"
14,1.5,8,21,9,0.0,5.542667662941388,19.46386718896394,62.018102247804244,-0.10750704546935949,181.04736395635877,71,0.3380281690140845,0.2087980661498905,25.58216899534265,"ST(ATR14/x1.5)+MACD(8,21,9)/V0.0"
10,1.5,8,26,7,0.0,5.538830924587643,28.64856005384791,103.82773017504265,-0.09772036123132148,293.1687899314215,76,0.35526315789473684,0.24157434265171893,26.94610778443114,"ST(ATR10/x1.5)+MACD(8,26,7)/V0.0"
7,1.5,8,26,7,0.0,5.535835889012939,31.802236318720915,119.42959695163975,-0.10753899344266483,295.72748731069817,80,0.375,0.32199487874222443,28.409846972721226,"ST(ATR7/x1.5)+MACD(8,26,7)/V0.0"
10,1.5,12,26,7,0.0,5.519293339126927,29.58217867971475,108.38506393443093,-0.1137288944743813,260.11137113777596,70,0.38571428571428573,0.5420709412050372,29.17498336660013,"ST(ATR10/x1.5)+MACD(12,26,7)/V0.0"
10,1.5,8,26,9,0.0,5.499759877641942,28.007418300083295,100.7288106325835,-0.11909698618978418,235.16479464436438,70,0.37142857142857144,0.7317745120201354,27.67797737857618,"ST(ATR10/x1.5)+MACD(8,26,9)/V0.0"
14,1.5,12,21,7,0.0,5.475212128745629,19.38014175113857,61.664472771068155,-0.11909698618978432,162.72571096178524,69,0.37681159420289856,0.39809739498328844,27.012641383898867,"ST(ATR14/x1.5)+MACD(12,21,7)/V0.0"
14,1.5,8,21,7,0.0,5.462888496122127,17.86534680906222,55.3612985276466,-0.12458936690333826,143.3938325003523,75,0.37333333333333335,-0.08328287118977756,24.151696606786427,"ST(ATR14/x1.5)+MACD(8,21,7)/V0.0"
7,1.5,12,26,7,0.0,5.455941136517826,28.665925379734787,103.91201468315042,-0.1345065096625963,213.11924197306143,73,0.3835616438356164,0.27085202226743776,29.740518962075846,"ST(ATR7/x1.5)+MACD(12,26,7)/V0.0"
14,1.5,12,21,9,0.0,5.4091165021758725,17.530490932937425,53.99270309514493,-0.11794294183025222,148.63535418819674,63,0.3968253968253968,0.5741384869025714,26.879574184963406,"ST(ATR14/x1.5)+MACD(12,21,9)/V0.0"
14,1.5,12,26,9,0.0,5.389833550086823,17.470006392026093,53.746471920124236,-0.11712962134398955,149.1510532653366,62,0.41935483870967744,0.6596205566259589,27.378576180971393,"ST(ATR14/x1.5)+MACD(12,26,9)/V0.0"
7,2.0,12,21,7,0.0,5.388795805917905,33.47603624903258,127.94380976712762,-0.13624519251032252,245.7043484047798,62,0.45161290322580644,2.537917750749643,26.979374584165004,"ST(ATR7/x2.0)+MACD(12,21,7)/V0.0"
10,1.5,8,21,9,0.0,5.379213365812474,24.40057814352533,83.77975879164214,-0.10750704546935945,226.96724700224163,71,0.3380281690140845,0.3338945936200023,25.615435795076515,"ST(ATR10/x1.5)+MACD(8,21,9)/V0.0"
7,1.5,8,21,7,0.0,5.345991691580661,27.205293709851784,96.88762497950921,-0.12458936690333852,218.35967535623448,80,0.4,0.164278431653656,25.715236194278113,"ST(ATR7/x1.5)+MACD(8,21,7)/V0.0"
10,1.5,12,21,7,0.0,5.326005940563622,24.296654749845832,83.30401260649994,-0.11909698618978448,204.00730133614306,69,0.36231884057971014,0.5251977108361924,27.045908183632733,"ST(ATR10/x1.5)+MACD(12,21,7)/V0.0"
10,1.5,12,26,9,0.0,5.261963326852326,22.730643648953514,76.22423452314698,-0.11712962134399027,194.0640069363614,62,0.3870967741935484,0.793915890101646,28.143712574850298,"ST(ATR10/x1.5)+MACD(12,26,9)/V0.0"
10,1.5,8,21,7,0.0,5.2455258284079616,21.666170160126587,71.50964099900837,-0.12458936690333827,173.9006361348326,75,0.37333333333333335,-0.02608405933230642,24.21823020625416,"ST(ATR10/x1.5)+MACD(8,21,7)/V0.0"
7,2.0,8,21,9,0.0,5.223692883448043,29.51494455143257,108.05511536681506,-0.12134302282561198,243.23561309206832,62,0.43548387096774194,2.3595750600280967,25.216234198270126,"ST(ATR7/x2.0)+MACD(8,21,9)/V0.0"
7,2.0,12,21,9,0.0,5.218709552637741,33.58369990064727,128.49684088270834,-0.15426557693890552,217.70054322583948,61,0.4426229508196721,2.7042546690592113,29.840319361277444,"ST(ATR7/x2.0)+MACD(12,21,9)/V0.0"
10,1.5,12,21,9,0.0,5.198896504209425,21.414839447505003,70.40833537661624,-0.1179429418302526,181.56948703489144,63,0.36507936507936506,0.600454786106681,26.94610778443114,"ST(ATR10/x1.5)+MACD(12,21,9)/V0.0"
7,1.5,12,26,9,0.0,5.105535346549115,20.629435578479523,66.99651911811183,-0.13596656234340715,151.72433003326438,64,0.375,0.5305646443677413,28.2435129740519,"ST(ATR7/x1.5)+MACD(12,26,9)/V0.0"
7,2.0,8,26,9,0.0,5.080621920294423,22.395442945229995,74.73093784415754,-0.13624519251032252,164.3760233487374,61,0.4426229508196721,1.6662939294992924,26.047904191616766,"ST(ATR7/x2.0)+MACD(8,26,9)/V0.0"
10,2.0,12,21,7,0.0,5.047694473974853,24.686214389107032,85.09109340751358,-0.17682901731127978,139.60499676165037,60,0.4166666666666667,1.8006391638992272,26.44710578842315,"ST(ATR10/x2.0)+MACD(12,21,7)/V0.0"
10,2.0,8,26,9,0.0,5.018258415670459,24.152011551293974,82.64306870798909,-0.1900715006689993,127.06803211573302,60,0.4166666666666667,1.8186149364600896,26.38057218895542,"ST(ATR10/x2.0)+MACD(8,26,9)/V0.0"
14,1.5,8,21,9,1.0,4.990530742223174,7.218910994412145,17.01675543823848,-0.0975541871064256,73.9989867019932,41,0.36585365853658536,0.9389064758323148,14.504324683965402,"ST(ATR14/x1.5)+MACD(8,21,9)/V1.0"
14,2.0,8,21,9,0.0,4.96920349672317,21.365427779757184,70.19235754679134,-0.17205294106222,124.17938134536593,57,0.40350877192982454,1.6279804229157813,23.353293413173652,"ST(ATR14/x2.0)+MACD(8,21,9)/V0.0"
7,1.5,8,21,9,1.0,4.93883075283768,16.230685349060103,48.76823852113981,-0.09781260719280191,165.93653737362527,42,0.42857142857142855,2.8416195219639913,16.03459747172322,"ST(ATR7/x1.5)+MACD(8,21,9)/V1.0"
14,2.0,12,21,7,0.0,4.93763086087058,21.675604972440127,71.55107238016478,-0.18942003063366836,114.43142998091886,56,0.42857142857142855,1.9410738626452126,24.88356620093147,"ST(ATR14/x2.0)+MACD(12,21,7)/V0.0"
14,2.0,8,26,9,0.0,4.920893857198797,21.40925837229979,70.38393166604376,-0.20245996034471575,105.74564143867065,56,0.42857142857142855,1.9639197406166136,24.850299401197603,"ST(ATR14/x2.0)+MACD(8,26,9)/V0.0"
7,2.0,12,21,7,1.0,4.894164633673905,17.034925506887213,51.984153724703525,-0.12134302282561231,140.38652664330684,44,0.4772727272727273,3.591231324865221,19.29474384564205,"ST(ATR7/x2.0)+MACD(12,21,7)/V1.0"
7,2.0,12,26,7,0.0,4.888018492346743,20.719977839164947,67.38751839566096,-0.1542655769389056,134.31368326176073,61,0.4262295081967213,1.3096754489262046,27.91084497671324,"ST(ATR7/x2.0)+MACD(12,26,7)/V0.0"
14,1.5,8,21,7,1.0,4.884578381959593,6.698178110429974,15.46867031446515,-0.0975541871064256,68.66110321971803,44,0.38636363636363635,0.48053954736705223,13.972055888223553,"ST(ATR14/x1.5)+MACD(8,21,7)/V1.0"
7,2.0,8,21,7,0.0,4.878164951715901,18.758646593324347,59.05647996710101,-0.12134302282561234,154.59188469602628,64,0.421875,0.9153723701323754,21.457085828343313,"ST(ATR7/x2.0)+MACD(8,21,7)/V0.0"
10,2.0,8,21,9,0.0,4.866484009491512,21.540519790920825,70.95848192376636,-0.15919215885282528,135.31143710938204,60,0.4166666666666667,1.5465930819820073,24.717232202262142,"ST(ATR10/x2.0)+MACD(8,21,9)/V0.0"
14,2.0,12,26,7,0.0,4.860641285594839,21.577232519064363,71.1194023973095,-0.18942003063366852,113.91209497159225,56,0.42857142857142855,1.6119458093640175,26.48037258815702,"ST(ATR14/x2.0)+MACD(12,26,7)/V0.0"
14,1.5,8,26,7,1.0,4.858471119462604,7.131089311059387,16.753036345239842,-0.0975541871064256,73.09875180733974,44,0.36363636363636365,0.4296824673908102,15.13639387890885,"ST(ATR14/x1.5)+MACD(8,26,7)/V1.0"
10,2.0,12,26,7,0.0,4.833316905219402,22.625423332195375,75.75463318043202,-0.18349128058208986,123.3051688364738,60,0.4166666666666667,1.3492383511762363,28.47638057218895,"ST(ATR10/x2.0)+MACD(12,26,7)/V0.0"
10,2.0,12,21,7,1.0,4.82784010359728,15.62135447491622,46.368546736316276,-0.13374151256801,116.8025856367706,44,0.45454545454545453,2.9237791179305135,18.928809048569526,"ST(ATR10/x2.0)+MACD(12,21,7)/V1.0"
10,2.0,8,26,9,1.0,4.82784010359728,15.62135447491622,46.368546736316276,-0.13374151256801,116.8025856367706,44,0.45454545454545453,2.9237791179305135,18.928809048569526,"ST(ATR10/x2.0)+MACD(8,26,9)/V1.0"
7,1.5,12,21,9,1.0,4.825577434731332,14.867897180282009,43.44635870507534,-0.09755418710642591,152.40655087476668,38,0.4473684210526316,3.228977468927467,16.79973386560213,"ST(ATR7/x1.5)+MACD(12,21,9)/V1.0"
7,1.5,12,21,7,1.0,4.813158066991454,15.12727184162911,44.44660112645527,-0.09781260719280196,154.6556448680608,41,0.4634146341463415,2.786308147790282,16.400532268795743,"ST(ATR7/x1.5)+MACD(12,21,7)/V1.0"
14,1.5,12,26,7,1.0,4.8119103315507905,6.7777877512115285,15.702885591231588,-0.0975541871064256,69.47715882063964,40,0.425,0.8523619768671349,15.13639387890885,"ST(ATR14/x1.5)+MACD(12,26,7)/V1.0"
7,2.0,8,26,7,0.0,4.768602420100557,17.319665611719778,53.13574010615118,-0.12134302282561202,142.73309835548366,62,0.41935483870967744,0.9746893573290952,23.186959414504322,"ST(ATR7/x2.0)+MACD(8,26,7)/V0.0"
7,2.0,12,21,9,1.0,4.748678423342811,17.077489787300323,52.155870460928504,-0.12134302282561205,140.73730313973812,43,0.46511627906976744,3.7662273171458214,20.82501663339987,"ST(ATR7/x2.0)+MACD(12,21,9)/V1.0"
14,2.0,12,21,9,0.0,4.748173828683941,19.38360245122316,61.67907895458836,-0.15457146020676615,125.40220830736948,54,0.42592592592592593,1.8340963110725879,26.646706586826348,"ST(ATR14/x2.0)+MACD(12,21,9)/V0.0"
14,1.5,8,26,9,1.0,4.730092211327756,6.383277632775712,14.551104149523816,-0.0975541871064256,65.43314871571786,40,0.4,0.8039516380273936,14.67065868263473,"ST(ATR14/x1.5)+MACD(8,26,9)/V1.0"
10,2.0,12,21,9,0.0,4.7221718708511915,20.32994983059509,65.70756486227134,-0.18349128058208977,110.7951820168367,58,0.41379310344827586,1.5467928989886133,28.642714570858285,"ST(ATR10/x2.0)+MACD(12,21,9)/V0.0"
14,1.5,12,21,7,1.0,4.718852308511206,6.339885072555247,14.425791243252755,-0.0975541871064256,64.98834402298718,39,0.41025641025641024,0.8724171833932931,14.67065868263473,"ST(ATR14/x1.5)+MACD(12,21,7)/V1.0"
14,2.0,12,21,7,1.0,4.696949872948719,13.504222611435914,38.28895461736592,-0.13374151256800995,100.97255782544538,41,0.43902439024390244,2.9680282846022985,17.664670658682635,"ST(ATR14/x2.0)+MACD(12,21,7)/V1.0"
14,2.0,8,26,9,1.0,4.696949872948719,13.504222611435914,38.28895461736592,-0.13374151256800995,100.97255782544538,41,0.43902439024390244,2.9680282846022985,17.664670658682635,"ST(ATR14/x2.0)+MACD(8,26,9)/V1.0"
10,1.5,8,21,9,1.0,4.69265234317267,9.692907416393178,24.854713133523404,-0.09755418710642584,99.35921464671516,40,0.375,1.2329790015085131,14.271457085828343,"ST(ATR10/x1.5)+MACD(8,21,9)/V1.0"
14,1.5,12,26,9,1.0,4.691124636746694,6.176617990903846,13.956773019171385,-0.0975541871064256,63.31473998307768,37,0.4594594594594595,1.1050210780648804,15.335994677312042,"ST(ATR14/x1.5)+MACD(12,26,9)/V1.0"
14,1.5,12,21,9,1.0,4.681899589290749,6.087450941301197,13.70229032159089,-0.0975541871064256,62.40071412475779,37,0.43243243243243246,1.0176141079641103,15.036593479707253,"ST(ATR14/x1.5)+MACD(12,21,9)/V1.0"
10,2.0,12,26,9,0.0,4.671613822135014,18.106639909633625,56.35312761690846,-0.15582086558785954,116.20163860163004,55,0.38181818181818183,1.687999162495657,27.67797737857618,"ST(ATR10/x2.0)+MACD(12,26,9)/V0.0"
7,2.0,8,21,9,1.0,4.670221917704991,14.60241460786251,42.42885240559715,-0.12673338583620516,115.2215299190002,44,0.45454545454545453,3.432966191655637,17.731204258150367,"ST(ATR7/x2.0)+MACD(8,21,9)/V1.0"
14,2.0,12,26,9,0.0,4.66067564606032,16.74337449048844,50.81202137114733,-0.13374151256801006,125.19205270670255,51,0.39215686274509803,1.9526349690827998,25.615435795076515,"ST(ATR14/x2.0)+MACD(12,26,9)/V0.0"
14,2.0,8,21,9,1.0,4.649571864087629,12.658626539401268,35.17952000627012,-0.13374151256801017,94.64994298583328,41,0.4146341463414634,2.536130950238171,16.26746506986028,"ST(ATR14/x2.0)+MACD(8,21,9)/V1.0"
7,2.0,12,26,9,0.0,4.646128706977951,17.70003133437629,54.68449334327981,-0.14319880418535125,123.60460295091588,58,0.39655172413793105,1.3459192489722982,28.80904856952761,"ST(ATR7/x2.0)+MACD(12,26,9)/V0.0"
14,2.0,8,26,7,0.0,4.616893855790608,14.908167222528395,43.60125781903375,-0.17205294106222013,86.64872062336383,57,0.38596491228070173,0.9289439341088059,21.09115103127079,"ST(ATR14/x2.0)+MACD(8,26,7)/V0.0"
10,1.5,8,26,7,1.0,4.586291955561973,9.503719032923701,24.228900967222792,-0.09755418710642584,97.41989877436738,44,0.36363636363636365,0.5657709570447602,14.97005988023952,"ST(ATR10/x1.5)+MACD(8,26,7)/V1.0"
7,2.0,8,26,9,1.0,4.5694508982897135,11.351630088990788,30.514014705471745,-0.12134302282561206,93.54992009144824,43,0.46511627906976744,2.384239315776419,18.396540252827677,"ST(ATR7/x2.0)+MACD(8,26,9)/V1.0"
10,2.0,8,21,9,1.0,4.568156533957768,13.14929040912134,36.97532921996321,-0.13374151256801012,98.31869070895003,44,0.4318181818181818,2.438712704522307,17.465069860279442,"ST(ATR10/x2.0)+MACD(8,21,9)/V1.0"
10,2.0,8,26,7,0.0,4.556866338191913,15.31914039221737,45.190387656732305,-0.15919215885282553,96.23049591519167,60,0.4,0.8324156780428382,22.288755821689954,"ST(ATR10/x2.0)+MACD(8,26,7)/V0.0"
7,1.5,8,21,7,1.0,4.553964584347831,10.842361692608439,28.744343010803703,-0.09781260719280192,110.84830477155846,45,0.4444444444444444,1.171170139308975,14.570858283433132,"ST(ATR7/x1.5)+MACD(8,21,7)/V1.0"
14,2.0,8,21,7,0.0,4.547986859055526,13.510978664998184,38.314076468890605,-0.17205294106221997,78.52803085831688,58,0.39655172413793105,0.617545825512367,18.962075848303392,"ST(ATR14/x2.0)+MACD(8,21,7)/V0.0"
14,2.0,12,26,7,1.0,4.546344987245038,12.482830083389025,34.54189505099367,-0.13374151256801012,93.33549354798322,41,0.43902439024390244,2.5817896676698755,18.063872255489024,"ST(ATR14/x2.0)+MACD(12,26,7)/V1.0"
7,1.5,8,26,7,1.0,4.541736871491597,10.715561935210891,28.308068136847922,-0.09781260719280212,109.55195084503823,45,0.4,0.9042845588904832,15.868263473053892,"ST(ATR7/x1.5)+MACD(8,26,7)/V1.0"
10,2.0,12,26,7,1.0,4.540639693610326,13.386969119355097,37.85365230055647,-0.18349128058208974,72.95697690313997,44,0.45454545454545453,2.4047728365141863,19.627411842980706,"ST(ATR10/x2.0)+MACD(12,26,7)/V1.0"
10,1.5,12,26,7,1.0,4.537238724971274,9.261587670208097,23.434073468201486,-0.09755418710642594,94.93787960227934,39,0.41025641025641024,1.085466522732,15.602129075182965,"ST(ATR10/x1.5)+MACD(12,26,7)/V1.0"
10,1.5,8,21,7,1.0,4.53237972256648,8.694534096382167,21.600059575775273,-0.09755418710642584,89.12517601009729,43,0.3953488372093023,0.6366463273092633,13.77245508982036,"ST(ATR10/x1.5)+MACD(8,21,7)/V1.0"
14,2.0,12,21,9,1.0,4.495316575645187,11.675742142158796,31.65459524882605,-0.13374151256801042,87.30080823799142,39,0.46153846153846156,2.9883845235268316,18.130405854956752,"ST(ATR14/x2.0)+MACD(12,21,9)/V1.0"
10,1.5,8,26,9,1.0,4.4938213557131865,8.671379247787714,21.526000879803934,-0.09755418710642584,88.88782229642027,39,0.41025641025641024,1.1481616214353367,14.404524284763806,"ST(ATR10/x1.5)+MACD(8,26,9)/V1.0"
7,1.5,8,26,9,1.0,4.49224481288822,10.110427508804017,26.250402418536776,-0.09781260719280202,103.36527978315702,41,0.43902439024390244,1.3873302856701248,15.502328675981369,"ST(ATR7/x1.5)+MACD(8,26,9)/V1.0"
10,2.0,8,21,7,0.0,4.486407823748877,13.885856726928433,39.714825573585564,-0.15919215885282537,87.22701436423158,61,0.4098360655737705,0.5381674171972749,20.159680638722556,"ST(ATR10/x2.0)+MACD(8,21,7)/V0.0"
10,1.5,12,21,7,1.0,4.484100072983961,8.614539192828683,21.34448330974765,-0.09755418710642584,88.30517119096827,38,0.42105263157894735,1.22748704913739,14.404524284763806,"ST(ATR10/x1.5)+MACD(12,21,7)/V1.0"
10,1.5,12,26,9,1.0,4.484023438218788,8.730734490464862,21.71597536217201,-0.09755418710642594,89.49625586998269,36,0.4444444444444444,1.4743956556580737,15.801729873586162,"ST(ATR10/x1.5)+MACD(12,26,9)/V1.0"
10,2.0,12,21,9,1.0,4.467240703845985,12.351930134736408,34.06911840187804,-0.1834912805820897,67.31616944168879,42,0.4523809523809524,2.7399757803189444,19.7272122421823,"ST(ATR10/x2.0)+MACD(12,21,9)/V1.0"
7,1.5,12,26,7,1.0,4.382799856519793,8.856489507172094,22.11989737371465,-0.09755418710642594,90.78533448810536,39,0.41025641025641024,0.9528544957619243,15.535595475715237,"ST(ATR7/x1.5)+MACD(12,26,7)/V1.0"
10,1.5,12,21,9,1.0,4.379722643707622,8.047364635887876,19.555348622083002,-0.09755418710642594,82.49122743556532,36,0.4166666666666667,1.1993278301202352,14.803725881570193,"ST(ATR10/x1.5)+MACD(12,21,9)/V1.0"
10,2.0,12,26,9,1.0,4.361827910642598,11.701173346475729,31.74455431269658,-0.1558208655878595,75.09375141981887,41,0.4146341463414634,2.646337268159169,20.392548236859614,"ST(ATR10/x2.0)+MACD(12,26,9)/V1.0"
7,2.0,12,26,7,1.0,4.347950592798659,10.12750333335065,26.30790574770665,-0.12134302282561225,83.46176893833739,43,0.4418604651162791,1.8573625576146149,18.928809048569526,"ST(ATR7/x2.0)+MACD(12,26,7)/V1.0"
14,2.0,12,26,9,1.0,4.342606823871825,10.717473540964045,28.314632316518335,-0.13374151256801006,80.13572850474537,38,0.42105263157894735,2.82592259126469,18.729208250166334,"ST(ATR14/x2.0)+MACD(12,26,9)/V1.0"
7,2.0,8,21,7,1.0,4.33771752573721,9.795692880901237,25.196453258819176,-0.12134302282561214,80.72728577875544,46,0.45652173913043476,1.6526245609135732,15.169660678642716,"ST(ATR7/x2.0)+MACD(8,21,7)/V1.0"
14,2.0,8,26,7,1.0,4.299153111396573,9.181015479108657,23.171122636170644,-0.13374151256801017,68.64746257778363,41,0.3902439024390244,1.6544425186552456,14.836992681304059,"ST(ATR14/x2.0)+MACD(8,26,7)/V1.0"
10,2.0,8,26,7,1.0,4.2685640485605125,9.735175314941815,24.995097543265064,-0.13374151256801012,72.79097662359166,44,0.4090909090909091,1.5488311120392961,15.868263473053892,"ST(ATR10/x2.0)+MACD(8,26,7)/V1.0"
7,1.5,12,26,9,1.0,4.259203474763283,8.037537955761692,19.52471019076644,-0.09755418710642594,82.39049695522763,36,0.4166666666666667,1.1498302852245132,15.801729873586162,"ST(ATR7/x1.5)+MACD(12,26,9)/V1.0"
10,2.5,12,26,7,1.0,4.255962674918763,5.441582704804195,11.895121591010637,-0.12134302282561212,44.844627882927846,30,0.43333333333333335,2.665047452499456,13.273453093812376,"ST(ATR10/x2.5)+MACD(12,26,7)/V1.0"
7,2.0,12,26,9,1.0,4.231076632583011,9.679517302720349,24.81028360697023,-0.12134302282561217,79.76987120743847,41,0.4146341463414634,2.0584806085925793,20.19294743845642,"ST(ATR7/x2.0)+MACD(12,26,9)/V1.0"
10,2.5,12,21,9,1.0,4.214534684239503,5.430514165736226,11.864717717351478,-0.15223543492346323,35.67181430832074,29,0.4827586206896552,3.3819626010075874,13.805721889554226,"ST(ATR10/x2.5)+MACD(12,21,9)/V1.0"
14,2.0,8,21,7,1.0,4.184289311410755,8.205124806020208,20.048918258163102,-0.1337415125680102,61.35062067469695,42,0.42857142857142855,1.1988040162489324,13.206919494344643,"ST(ATR14/x2.0)+MACD(8,21,7)/V1.0"
7,2.0,8,26,7,1.0,4.182131308631009,8.64130468867962,21.42990871521048,-0.12134302282561218,71.21385710901936,44,0.4318181818181818,1.5724475975993473,16.067864271457086,"ST(ATR7/x2.0)+MACD(8,26,7)/V1.0"
10,2.0,8,21,7,1.0,4.174161250768461,8.81199307966348,21.976755109300097,-0.13374151256801,65.88824150753058,45,0.4444444444444444,1.166181935611655,14.204923486360613,"ST(ATR10/x2.0)+MACD(8,21,7)/V1.0"
14,2.5,8,26,9,1.0,4.153789899093108,7.573613309807268,18.09252265697822,-0.10940443419247056,69.22583500119687,30,0.43333333333333335,3.019462952829484,12.741184298070527,"ST(ATR14/x2.5)+MACD(8,26,9)/V1.0"
14,2.5,12,21,7,1.0,4.153789899093108,7.573613309807268,18.09252265697822,-0.10940443419247056,69.22583500119687,30,0.43333333333333335,3.019462952829484,12.741184298070527,"ST(ATR14/x2.5)+MACD(12,21,7)/V1.0"
10,2.5,12,21,7,1.0,4.141443518581456,5.038846523621452,10.801564636078382,-0.12134302282561191,41.52563869175263,30,0.4,2.5732313506938223,12.508316699933467,"ST(ATR10/x2.5)+MACD(12,21,7)/V1.0"
10,2.5,8,26,9,1.0,4.141443518581456,5.038846523621452,10.801564636078382,-0.12134302282561191,41.52563869175263,30,0.4,2.5732313506938223,12.508316699933467,"ST(ATR10/x2.5)+MACD(8,26,9)/V1.0"
14,2.5,12,26,7,1.0,4.098032372683419,7.5409545338278665,17.99276743720688,-0.10940443419247066,68.92732081189122,30,0.43333333333333335,2.5047616488079107,13.672654690618764,"ST(ATR14/x2.5)+MACD(12,26,7)/V1.0"
10,2.5,12,26,7,0.0,4.075657879648911,5.669136864295779,12.52446928826647,-0.12134302282561207,46.71992449407799,39,0.38461538461538464,1.1889155943065812,16.33399866932801,"ST(ATR10/x2.5)+MACD(12,26,7)/V0.0"
14,2.5,12,21,9,1.0,4.073239275032386,7.521353156208486,17.932963816042808,-0.14071659120728322,53.45036496179134,29,0.4827586206896552,3.333221298592337,14.071856287425149,"ST(ATR14/x2.5)+MACD(12,21,9)/V1.0"
7,2.5,8,21,9,1.0,4.037228534205667,7.139722383411765,16.778913708959713,-0.13374151256800998,53.384489574851244,32,0.40625,2.6665802038438464,13.30671989354624,"ST(ATR7/x2.5)+MACD(8,21,9)/V1.0"
14,2.5,12,21,7,0.0,4.036408841333644,7.802223503724685,18.79475382113639,-0.12677797536147717,61.542420767317864,42,0.35714285714285715,1.2103916247694664,16.33399866932801,"ST(ATR14/x2.5)+MACD(12,21,7)/V0.0"
14,2.5,8,26,9,0.0,4.036408841333644,7.802223503724685,18.79475382113639,-0.12677797536147717,61.542420767317864,42,0.35714285714285715,1.2103916247694664,16.33399866932801,"ST(ATR14/x2.5)+MACD(8,26,9)/V0.0"
14,2.5,8,21,9,1.0,4.032014052267257,7.2054742350082766,16.976337945678903,-0.11530634336436457,62.489833818068405,30,0.4666666666666667,2.861936031771943,12.508316699933467,"ST(ATR14/x2.5)+MACD(8,21,9)/V1.0"
10,2.5,12,21,9,0.0,4.026671902362712,5.648756000325147,12.467770919369475,-0.15223543492346298,37.10539535795384,38,0.42105263157894735,1.69708021354414,16.99933466400532,"ST(ATR10/x2.5)+MACD(12,21,9)/V0.0"
14,2.5,12,26,7,0.0,4.000159606569832,7.8687555993015454,19.000411033538423,-0.13147320299891027,59.85064195451879,42,0.35714285714285715,0.814979586112766,17.465069860279442,"ST(ATR14/x2.5)+MACD(12,26,7)/V0.0"
14,2.5,8,21,9,0.0,3.9935892979066794,7.74649975918121,18.62295124411519,-0.12432573071735557,62.308097563425925,42,0.42857142857142855,1.2017412831143746,15.868263473053892,"ST(ATR14/x2.5)+MACD(8,21,9)/V0.0"
10,2.5,8,21,9,1.0,3.9884879276759824,4.7913669633843865,10.142827471600452,-0.12134302282561218,39.486134858122725,30,0.4,2.404329558724379,12.242182302062542,"ST(ATR10/x2.5)+MACD(8,21,9)/V1.0"
14,2.5,12,21,9,0.0,3.977964880581027,7.891162192040932,19.069801718648726,-0.15897260013057052,49.63850490939701,41,0.3902439024390244,1.320356365073183,18.030605455755154,"ST(ATR14/x2.5)+MACD(12,21,9)/V0.0"
10,2.5,12,21,7,0.0,3.943211348243795,5.157400534198368,11.120737363499286,-0.12134302282561213,42.50265416257444,39,0.358974358974359,1.127254424503669,15.435795076513639,"ST(ATR10/x2.5)+MACD(12,21,7)/V0.0"
10,2.5,8,26,9,0.0,3.943211348243795,5.157400534198368,11.120737363499286,-0.12134302282561213,42.50265416257444,39,0.358974358974359,1.127254424503669,15.435795076513639,"ST(ATR10/x2.5)+MACD(8,26,9)/V0.0"
7,2.5,8,26,9,1.0,3.9394230168115785,6.762808179384074,15.658746461928885,-0.13374151256801015,50.5662606136973,32,0.40625,2.768907015066553,13.60612109115103,"ST(ATR7/x2.5)+MACD(8,26,9)/V1.0"
7,2.5,12,21,7,1.0,3.9394230168115785,6.762808179384074,15.658746461928885,-0.13374151256801015,50.5662606136973,32,0.40625,2.768907015066553,13.60612109115103,"ST(ATR7/x2.5)+MACD(12,21,7)/V1.0"
10,2.5,12,26,9,1.0,3.93762501670416,4.77283348941259,10.09391080680197,-0.15223543492346295,31.351659302002542,29,0.4827586206896552,3.257762133055101,14.703925482368597,"ST(ATR10/x2.5)+MACD(12,26,9)/V1.0"
7,2.5,8,21,9,0.0,3.91239070837394,7.299135723776759,17.258581368245174,-0.1396600438716641,52.26359323275062,41,0.3902439024390244,1.3440448622246852,16.001330671989354,"ST(ATR7/x2.5)+MACD(8,21,9)/V0.0"
10,2.5,8,21,7,0.0,3.909230697389014,4.681269477102584,9.853100098669742,-0.1213430228256122,38.57881045068621,39,0.4358974358974359,0.4782553887303755,12.94078509647372,"ST(ATR10/x2.5)+MACD(8,21,7)/V0.0"
14,2.5,8,21,7,0.0,3.8848796914577894,6.547048932013728,15.02652416202876,-0.11530634336436459,56.77960761729517,42,0.4523809523809524,0.3984077004948048,13.24018629407851,"ST(ATR14/x2.5)+MACD(8,21,7)/V0.0"
10,2.5,8,21,9,0.0,3.8720995103058833,5.076893378876133,10.903742781519917,-0.12134302282561242,41.839186635167046,39,0.38461538461538464,1.070503784819863,15.003326679973386,"ST(ATR10/x2.5)+MACD(8,21,9)/V0.0"
14,2.5,12,26,9,1.0,3.8616262464466855,6.650859694124336,15.329883761772045,-0.16445710878067352,40.44130255867616,29,0.4827586206896552,3.0140426658856594,14.637391882900866,"ST(ATR14/x2.5)+MACD(12,26,9)/V1.0"
10,2.5,8,21,7,1.0,3.860535217732667,4.062644220492146,8.264678652946023,-0.12134302282561242,33.480657774042406,30,0.4666666666666667,1.4626533960362214,10.612109115103127,"ST(ATR10/x2.5)+MACD(8,21,7)/V1.0"
7,2.5,12,26,7,1.0,3.8403783528735653,6.539924681153233,15.005762130653498,-0.18349128058208994,35.641610110336636,32,0.4375,2.582368225151733,14.404524284763806,"ST(ATR7/x2.5)+MACD(12,26,7)/V1.0"
7,2.5,8,21,7,1.0,3.795857435052824,5.390811458845846,11.75581992870323,-0.1337415125680102,40.30769022523588,32,0.40625,1.2975987521537589,11.077844311377245,"ST(ATR7/x2.5)+MACD(8,21,7)/V1.0"
7,2.5,12,21,7,0.0,3.785284756399237,6.782451238592176,15.716633593340212,-0.15770660967400688,43.00676587120912,41,0.36585365853658536,1.3231012032323262,16.500332667997338,"ST(ATR7/x2.5)+MACD(12,21,7)/V0.0"
14,2.5,8,26,7,0.0,3.7811513887468924,6.42091021389361,14.660005348453147,-0.12432573071735592,51.64586748732656,42,0.42857142857142855,0.5866788507905052,14.870259481037923,"ST(ATR14/x2.5)+MACD(8,26,7)/V0.0"
14,2.5,8,26,7,1.0,3.7781440574856986,5.833833276301894,12.985004602457865,-0.11530634336436457,50.59420935643719,30,0.4666666666666667,1.9432463518414655,11.543579507651364,"ST(ATR14/x2.5)+MACD(8,26,7)/V1.0"
7,2.5,12,21,9,1.0,3.7778502407522376,6.374552470999339,14.525884750616967,-0.18349128058208994,34.740356330705886,31,0.4838709677419355,3.210687857853812,15.003326679973386,"ST(ATR7/x2.5)+MACD(12,21,9)/V1.0"
7,2.5,8,21,7,0.0,3.7776031788967264,5.855466002559322,13.045805533273079,-0.1977150536684206,29.615681223642547,41,0.3902439024390244,0.37735461419467764,13.373253493013973,"ST(ATR7/x2.5)+MACD(8,21,7)/V0.0"
7,2.5,8,26,9,0.0,3.7658759850318995,6.691038928725407,15.447710433009831,-0.17125671826417688,39.070227413817165,41,0.36585365853658536,1.3543053292420444,16.46706586826347,"ST(ATR7/x2.5)+MACD(8,26,9)/V0.0"
14,2.5,8,21,7,1.0,3.7589080301348328,5.555071916910714,12.207981740538303,-0.11530634336436459,48.17663759709085,30,0.5,1.526266356603104,10.379241516966067,"ST(ATR14/x2.5)+MACD(8,21,7)/V1.0"
14,2.5,12,26,9,0.0,3.744164107180356,6.835286158388601,15.872605542460509,-0.17824079052298017,38.34860773638312,41,0.3902439024390244,1.1010061160324436,18.695941450432468,"ST(ATR14/x2.5)+MACD(12,26,9)/V0.0"
10,2.5,12,26,9,0.0,3.7335764915636895,4.858391396122554,10.320215967790439,-0.1522354349234631,31.913669761347798,38,0.42105263157894735,1.6092119653125934,17.99733865602129,"ST(ATR10/x2.5)+MACD(12,26,9)/V0.0"
7,2.5,12,26,7,0.0,3.715807037709799,6.675350044903529,15.4016750032769,-0.18349128058208994,36.379658061828856,41,0.3902439024390244,1.1689807469120905,17.431803060545576,"ST(ATR7/x2.5)+MACD(12,26,7)/V0.0"
10,2.5,8,26,7,1.0,3.7122997368475064,3.880691718276161,7.810720495777742,-0.12134302282561231,31.981168986149974,30,0.4,1.5355655824330496,11.410512308715901,"ST(ATR10/x2.5)+MACD(8,26,7)/V1.0"
7,2.5,12,21,9,0.0,3.6618753248767213,6.553554404738702,15.045489283281427,-0.18349128058208994,35.715890062725826,40,0.425,1.6179505558667195,18.130405854956752,"ST(ATR7/x2.5)+MACD(12,21,9)/V0.0"
10,2.5,8,26,7,0.0,3.645517384408713,4.217279515278054,8.65529936245243,-0.12134302282561232,34.75502272049792,39,0.38461538461538464,0.44653324511657927,14.13838988689288,"ST(ATR10/x2.5)+MACD(8,26,7)/V0.0"
7,2.5,8,26,7,1.0,3.636902185967695,5.032994388320325,10.785869453001327,-0.13712354776695274,36.70408525947791,32,0.375,1.3721381130121395,11.909514304723885,"ST(ATR7/x2.5)+MACD(8,26,7)/V1.0"
7,2.5,12,26,9,1.0,3.602378106116649,5.790511714637545,12.86346066391693,-0.15582086558785938,37.161337108428356,31,0.45161290322580644,3.0853858843317283,15.90153027278776,"ST(ATR7/x2.5)+MACD(12,26,9)/V1.0"
7,2.5,8,26,7,0.0,3.5536763067609884,5.266404003575521,11.41622651729816,-0.2000364720809724,26.327218975566332,41,0.36585365853658536,0.37589660207095804,14.570858283433132,"ST(ATR7/x2.5)+MACD(8,26,7)/V0.0"
7,2.5,12,26,9,0.0,3.4646154523531334,5.826731949083694,12.965061233794337,-0.1674140846463937,34.804311485444714,40,0.4,1.5274120298326885,19.128409846972723,"ST(ATR7/x2.5)+MACD(12,26,9)/V0.0"
14,3.0,8,21,7,0.0,2.974308158968682,1.9241612367557437,3.3614880076350504,-0.12210171943964632,15.758674370731018,28,0.21428571428571427,-1.0699006420949275,8.649367930805056,"ST(ATR14/x3.0)+MACD(8,21,7)/V0.0"
14,3.0,8,21,9,0.0,2.9561535123034193,2.0939130384282727,3.71273224160616,-0.14160863490889689,14.786619755040926,28,0.32142857142857145,-0.35059492027704464,10.27944111776447,"ST(ATR14/x3.0)+MACD(8,21,9)/V0.0"
14,3.0,8,21,9,1.0,2.931147964545172,1.7918795603653268,3.092974166385086,-0.12258068388197145,14.61796021704907,19,0.3684210526315789,0.7525978219885997,7.252162341982701,"ST(ATR14/x3.0)+MACD(8,21,9)/V1.0"
7,3.0,8,21,9,1.0,2.8591939129551283,1.7336658371233855,2.976289235237234,-0.11341361640014146,15.286223049327111,20,0.4,0.7202104476713882,7.584830339321358,"ST(ATR7/x3.0)+MACD(8,21,9)/V1.0"
10,3.0,8,21,9,1.0,2.8397923612039815,1.7084485314478068,2.9260286400302165,-0.11341361640014166,15.063874917982712,20,0.35,0.7359618714088094,7.48502994011976,"ST(ATR10/x3.0)+MACD(8,21,9)/V1.0"
14,3.0,8,21,7,1.0,2.833163526666209,1.5796951950100238,2.6721457152592145,-0.12258068388197163,12.886983046456596,19,0.2631578947368421,-0.3772174949452352,6.287425149700598,"ST(ATR14/x3.0)+MACD(8,21,7)/V1.0"
7,3.0,8,21,7,0.0,2.8055143624906504,1.7130412185533124,2.935169387765251,-0.10937746382963806,15.661738337812226,30,0.26666666666666666,-1.2081667380214214,8.91550232867598,"ST(ATR7/x3.0)+MACD(8,21,7)/V0.0"
14,3.0,8,26,9,1.0,2.8009650882514365,1.6697342628165348,2.8492063491803674,-0.12258068388197156,13.621512051803045,19,0.2631578947368421,0.6108762602014676,7.48502994011976,"ST(ATR14/x3.0)+MACD(8,26,9)/V1.0"
14,3.0,12,21,7,1.0,2.8009650882514365,1.6697342628165348,2.8492063491803674,-0.12258068388197156,13.621512051803045,19,0.2631578947368421,0.6108762602014676,7.48502994011976,"ST(ATR14/x3.0)+MACD(12,21,7)/V1.0"
10,3.0,8,21,7,0.0,2.790867887079319,1.6979540862008995,2.9051634014634415,-0.11518130028445524,14.741577686721547,30,0.2,-1.264969983411694,8.815701929474384,"ST(ATR10/x3.0)+MACD(8,21,7)/V0.0"
14,3.0,12,26,7,1.0,2.787001020282332,1.6942974683262242,2.897900345491368,-0.14319880418535116,11.831785034553704,19,0.3157894736842105,1.0677456677868977,8.050565535595476,"ST(ATR14/x3.0)+MACD(12,26,7)/V1.0"
10,3.0,12,26,7,1.0,2.7738700965733583,1.6837012965551916,2.876874161602069,-0.14319880418535116,11.757788803710064,20,0.3,0.8316405361449845,8.316699933466401,"ST(ATR10/x3.0)+MACD(12,26,7)/V1.0"
7,3.0,8,21,9,0.0,2.7713434689046044,1.8433600128289247,3.1969214668289414,-0.13632330597470674,13.5219726344587,30,0.36666666666666664,-0.5462714550550171,10.578842315369261,"ST(ATR7/x3.0)+MACD(8,21,9)/V0.0"
10,3.0,8,21,9,0.0,2.7576026122758335,1.8275481819780888,3.164919599657739,-0.14195154698409523,12.87445061928669,30,0.3,-0.6030170983536569,10.479041916167663,"ST(ATR10/x3.0)+MACD(8,21,9)/V0.0"
7,3.0,8,21,7,1.0,2.7575602541717337,1.5259057464024215,2.567458010785292,-0.11341361640014146,13.454343445136084,20,0.3,-0.3527251481327302,6.620093147039255,"ST(ATR7/x3.0)+MACD(8,21,7)/V1.0"
10,3.0,8,21,7,1.0,2.7373068844223045,1.5026049696762689,2.5223650730258504,-0.1134136164001416,13.248893892730088,20,0.25,-0.3369737243953087,6.520292747837658,"ST(ATR10/x3.0)+MACD(8,21,7)/V1.0"
14,3.0,12,26,7,0.0,2.7256173516701083,1.8837651785745186,3.2789992452400956,-0.14319880418535116,13.1548946186467,28,0.25,-0.25350941919820735,11.34397870924817,"ST(ATR14/x3.0)+MACD(12,26,7)/V0.0"
7,3.0,12,26,7,1.0,2.722554046785428,1.6425845204291898,2.795578746294617,-0.1431988041853511,11.470658081076506,20,0.3,0.9542277862209351,8.416500332667997,"ST(ATR7/x3.0)+MACD(12,26,7)/V1.0"
10,3.0,12,21,7,1.0,2.713951404943678,1.5932417593881891,2.698639849974497,-0.11341361640014151,14.048064156308847,20,0.25,0.4668690398195256,7.7511643379906845,"ST(ATR10/x3.0)+MACD(12,21,7)/V1.0"
10,3.0,8,26,9,1.0,2.713951404943678,1.5932417593881891,2.698639849974497,-0.11341361640014151,14.048064156308847,20,0.25,0.4668690398195256,7.7511643379906845,"ST(ATR10/x3.0)+MACD(8,26,9)/V1.0"
14,3.0,12,21,7,0.0,2.7108158308747776,1.821334556956005,3.152361943404247,-0.14160863490889716,12.861747859710299,28,0.21428571428571427,-0.5538679369772607,10.67864271457086,"ST(ATR14/x3.0)+MACD(12,21,7)/V0.0"
14,3.0,8,26,9,0.0,2.7108158308747776,1.821334556956005,3.152361943404247,-0.14160863490889716,12.861747859710299,28,0.21428571428571427,-0.5538679369772607,10.67864271457086,"ST(ATR14/x3.0)+MACD(8,26,9)/V0.0"
7,3.5,8,21,9,0.0,2.6923977030164696,1.1875200130195456,1.928323781863504,-0.12731711998367135,9.327261040556424,21,0.3333333333333333,0.1863059390081114,7.285429141716566,"ST(ATR7/x3.5)+MACD(8,21,9)/V0.0"
14,3.0,8,26,7,0.0,2.6845368936953093,1.7023417949406823,2.9138834485061476,-0.1416086349088976,12.021454737106007,28,0.2857142857142857,-1.0125144654059604,9.713905522288755,"ST(ATR14/x3.0)+MACD(8,26,7)/V0.0"
7,3.0,12,21,7,1.0,2.6620915868829624,1.553510906704164,2.6210818870015355,-0.11341361640014175,13.697745967495859,20,0.3,0.5923721363499036,7.850964737192283,"ST(ATR7/x3.0)+MACD(12,21,7)/V1.0"
7,3.0,8,26,9,1.0,2.6620915868829624,1.553510906704164,2.6210818870015355,-0.11341361640014175,13.697745967495859,20,0.3,0.5923721363499036,7.850964737192283,"ST(ATR7/x3.0)+MACD(8,26,9)/V1.0"
14,3.0,12,21,9,0.0,2.5900904541763263,1.6977317169360941,2.9047216097062165,-0.1823740618361609,9.30906347011826,27,0.25925925925925924,-0.04041449977236861,11.34397870924817,"ST(ATR14/x3.0)+MACD(12,21,9)/V0.0"
14,3.0,12,21,9,1.0,2.585155955750533,1.461418353128352,2.443041038098112,-0.15557592804553588,9.393602027561784,18,0.3333333333333333,1.4425696887264658,7.917498336660013,"ST(ATR14/x3.0)+MACD(12,21,9)/V1.0"
14,3.0,8,26,7,1.0,2.5840369788984328,1.393683130998837,2.3136599208340702,-0.12258068388197153,11.369516687806732,19,0.3157894736842105,-0.31381352032305426,6.719893546240852,"ST(ATR14/x3.0)+MACD(8,26,7)/V1.0"
7,3.5,8,21,7,0.0,2.57883154990624,0.9603667475104598,1.5192021384613636,-0.09099402092675626,10.554174194406542,22,0.22727272727272727,-1.0668550435065471,5.688622754491018,"ST(ATR7/x3.5)+MACD(8,21,7)/V0.0"
10,3.0,12,21,9,1.0,2.5720094271228753,1.451738051685497,2.424468471436886,-0.1467535869952654,9.892351399440297,19,0.3157894736842105,1.1746858653220293,8.183632734530939,"ST(ATR10/x3.0)+MACD(12,21,9)/V1.0"
7,3.0,12,26,7,0.0,2.5469262473874696,1.6547885093843395,2.819659436097717,-0.1431988041853511,11.555882179312363,30,0.23333333333333334,-0.5267502854077598,11.743180306054557,"ST(ATR7/x3.0)+MACD(12,26,7)/V0.0"
7,3.5,12,26,7,0.0,2.5413097447749755,1.1394695280283336,1.8403971295908232,-0.14319880418535105,7.957255889884721,21,0.2857142857142857,0.25037891145314933,8.250166333998669,"ST(ATR7/x3.5)+MACD(12,26,7)/V0.0"
10,3.0,12,26,7,0.0,2.533537252874041,1.6400253184181106,2.790534222562188,-0.14319880418535116,11.452786409412493,30,0.23333333333333334,-0.5809485152529079,11.64337990685296,"ST(ATR10/x3.0)+MACD(12,26,7)/V0.0"
7,3.0,12,21,9,1.0,2.5232240182016836,1.4165379075284288,2.357164344327268,-0.14675358699526547,9.652492566155326,19,0.3157894736842105,1.3264618162747193,8.316699933466401,"ST(ATR7/x3.0)+MACD(12,21,9)/V1.0"
7,3.0,12,21,7,0.0,2.5202714159016937,1.587563635967883,2.687528381672845,-0.13874195252111157,11.442563746004026,30,0.23333333333333334,-0.7254251911519914,11.011310711909514,"ST(ATR7/x3.0)+MACD(12,21,7)/V0.0"
7,3.0,8,26,9,0.0,2.5202714159016937,1.587563635967883,2.687528381672845,-0.13874195252111157,11.442563746004026,30,0.23333333333333334,-0.7254251911519914,11.011310711909514,"ST(ATR7/x3.0)+MACD(8,26,9)/V0.0"
7,3.0,8,26,7,1.0,2.5117111904788625,1.3437722360966835,2.2191921416613036,-0.11341361640014158,11.848420663667383,20,0.35,-0.29288032752468324,7.052561543579508,"ST(ATR7/x3.0)+MACD(8,26,7)/V1.0"
10,3.0,8,26,9,0.0,2.506657348085187,1.5731742802960387,2.659410678162541,-0.14435443216311136,10.89799777341406,30,0.2,-0.7819096583371056,10.911510312707918,"ST(ATR10/x3.0)+MACD(8,26,9)/V0.0"
10,3.0,12,21,7,0.0,2.506657348085187,1.5731742802960387,2.659410678162541,-0.14435443216311136,10.89799777341406,30,0.2,-0.7819096583371056,10.911510312707918,"ST(ATR10/x3.0)+MACD(12,21,7)/V0.0"
7,3.0,8,26,7,0.0,2.4930179832255357,1.4834992145202812,2.4855070522961937,-0.13632330597470677,10.88221272153954,30,0.3333333333333333,-1.164063030508672,10.013306719893546,"ST(ATR7/x3.0)+MACD(8,26,7)/V0.0"
10,3.0,8,26,7,1.0,2.4911424826520343,1.3221515902558654,2.1785013106996556,-0.11341361640014155,11.657785301467692,20,0.3,-0.2771289037872619,6.952761144377911,"ST(ATR10/x3.0)+MACD(8,26,7)/V1.0"
7,3.5,12,21,9,0.0,2.488144765982097,1.1053600246179336,1.7784249150020237,-0.14319880418535105,7.719059044565748,21,0.2857142857142857,0.23071377947035931,8.349966733200267,"ST(ATR7/x3.5)+MACD(12,21,9)/V0.0"
10,3.0,8,26,7,0.0,2.4789152677737105,1.4696885576491852,2.4589297778359827,-0.14195154698409534,10.353452208688175,30,0.26666666666666666,-1.2208086738073118,9.91350632069195,"ST(ATR10/x3.0)+MACD(8,26,7)/V0.0"
7,3.5,8,26,9,0.0,2.4570382902603325,1.04824569644894,1.6754932298469063,-0.12917925726932528,8.11465957157082,21,0.2857142857142857,-0.1546331134733145,7.618097139055223,"ST(ATR7/x3.5)+MACD(8,26,9)/V0.0"
7,3.5,12,21,7,0.0,2.4570382902603325,1.04824569644894,1.6754932298469063,-0.12917925726932528,8.11465957157082,21,0.2857142857142857,-0.1546331134733145,7.618097139055223,"ST(ATR7/x3.5)+MACD(12,21,7)/V0.0"
14,3.0,12,26,9,1.0,2.441697767832124,1.3535445575210212,2.2376300234020374,-0.1877944152629645,7.207586847700885,18,0.2777777777777778,1.2591030479475072,8.316699933466401,"ST(ATR14/x3.0)+MACD(12,26,9)/V1.0"
10,3.0,12,26,9,1.0,2.4162842897047705,1.3328958741541626,2.1987048752731506,-0.17930868527317445,7.433526558535148,19,0.2631578947368421,0.925200766014472,8.54956753160346,"ST(ATR10/x3.0)+MACD(12,26,9)/V1.0"
7,3.0,12,21,9,0.0,2.4085635826264857,1.4835264732143836,2.485559563591868,-0.17629256129448315,8.415139370153383,29,0.2413793103448276,-0.3370642853018299,11.743180306054557,"ST(ATR7/x3.0)+MACD(12,21,9)/V0.0"
10,3.0,12,21,9,0.0,2.3950311127993857,1.4697156647585925,2.4589818887287618,-0.18166033840174084,8.090459798155415,29,0.2413793103448276,-0.39347134532025435,11.64337990685296,"ST(ATR10/x3.0)+MACD(12,21,9)/V0.0"
7,3.0,12,26,9,1.0,2.368914431344932,1.2994019733611326,2.1358378810791017,-0.17930868527317473,7.246731921443228,19,0.3157894736842105,1.0784540949715726,8.682634730538922,"ST(ATR7/x3.0)+MACD(12,26,9)/V1.0"
14,3.0,12,26,9,0.0,2.3377241217556235,1.4567225833034123,2.4340283574583057,-0.2135700825469371,6.8208176254427535,27,0.25925925925925924,-0.20409336967276365,11.809713905522289,"ST(ATR14/x3.0)+MACD(12,26,9)/V0.0"
7,3.5,8,26,7,0.0,2.2845019116675376,0.878791178962592,1.3764374982840035,-0.12731711998367098,6.902380285348122,22,0.2727272727272727,-0.7759593104395507,6.753160345974717,"ST(ATR7/x3.5)+MACD(8,26,7)/V0.0"
7,3.5,12,26,7,1.0,2.2549277987520564,0.5983903514767441,0.9035997408555918,-0.07411292393863231,8.074035130124255,12,0.3333333333333333,-0.062339577964797055,4.9234863606121095,"ST(ATR7/x3.5)+MACD(12,26,7)/V1.0"
7,3.5,12,26,9,0.0,2.1771359254495475,0.930524354995353,1.4667133189453945,-0.1481738550398705,6.279949689808424,21,0.23809523809523808,-0.16394000002007314,8.815701929474384,"ST(ATR7/x3.5)+MACD(12,26,9)/V0.0"
7,3.5,12,21,9,1.0,2.1716357199902143,0.5713693669109345,0.859568189437385,-0.08090967328635501,7.061817749390084,12,0.3333333333333333,-0.13193191071819776,4.990019960079841,"ST(ATR7/x3.5)+MACD(12,21,9)/V1.0"
7,3.0,12,26,9,0.0,2.1563837639557644,1.261653942337586,2.0653940483826343,-0.20772061796204072,6.073802180620045,29,0.27586206896551724,-0.48913662378587436,12.208915502328676,"ST(ATR7/x3.0)+MACD(12,26,9)/V0.0"
7,3.5,8,21,9,1.0,2.1552707764549237,0.5401748905851123,0.8090857351544711,-0.08521246930600132,6.339153119073724,12,0.4166666666666667,-0.29404679834169023,4.224883566200932,"ST(ATR7/x3.5)+MACD(8,21,9)/V1.0"
10,3.0,12,26,9,0.0,2.1430476184916127,1.2490769596769247,2.042020169710119,-0.212883590796351,5.867417751666067,29,0.2413793103448276,-0.5465116211175335,12.10911510312708,"ST(ATR10/x3.0)+MACD(12,26,9)/V0.0"
10,3.5,8,21,9,1.0,2.117454450824815,0.811204767927959,1.2598882791285178,-0.12893360457365113,6.291647321971613,14,0.35714285714285715,0.16824788247092243,4.990019960079841,"ST(ATR10/x3.5)+MACD(8,21,9)/V1.0"
14,3.5,8,21,9,0.0,2.112833428683424,0.9250964739284024,1.4571987109850482,-0.1267640743235234,7.297781164459888,20,0.3,0.09218672551696633,6.620093147039255,"ST(ATR14/x3.5)+MACD(8,21,9)/V0.0"
10,3.5,12,26,7,1.0,2.071405591416057,0.7961859474081878,1.234206358410379,-0.12893360457365124,6.175162402703008,14,0.35714285714285715,-0.2786982526339954,5.355954757152362,"ST(ATR10/x3.5)+MACD(12,26,7)/V1.0"
10,3.5,8,21,9,0.0,2.035468860036708,0.8729746726910175,1.3663448712352535,-0.14893034326950164,5.861630702826612,21,0.23809523809523808,-1.366660345507276,6.65335994677312,"ST(ATR10/x3.5)+MACD(8,21,9)/V0.0"
7,3.5,12,26,9,1.0,2.0200459745594412,0.5266818143114116,0.7873670147803615,-0.08090967328635507,6.509503659066602,12,0.25,-0.5490234994495242,5.222887558216899,"ST(ATR7/x3.5)+MACD(12,26,9)/V1.0"
10,3.5,8,26,9,1.0,2.018731256810231,0.7611480395980641,1.17460346599617,-0.12893360457365138,5.903410845566407,14,0.35714285714285715,-0.3003132513256047,5.189620758483033,"ST(ATR10/x3.5)+MACD(8,26,9)/V1.0"
10,3.5,12,21,7,1.0,2.018731256810231,0.7611480395980641,1.17460346599617,-0.12893360457365138,5.903410845566407,14,0.35714285714285715,-0.3003132513256047,5.189620758483033,"ST(ATR10/x3.5)+MACD(12,21,7)/V1.0"
14,3.5,12,21,7,0.0,1.9599623872255885,0.8349345324609423,1.3006275810638859,-0.12676407432352324,6.5865233262387015,20,0.3,-0.47341949250566073,6.952761144377911,"ST(ATR14/x3.5)+MACD(12,21,7)/V0.0"
14,3.5,8,26,9,0.0,1.9599623872255885,0.8349345324609423,1.3006275810638859,-0.12676407432352324,6.5865233262387015,20,0.3,-0.47341949250566073,6.952761144377911,"ST(ATR14/x3.5)+MACD(8,26,9)/V0.0"
14,3.5,8,21,7,0.0,1.9475111931342266,0.7497982935394061,1.15539057246884,-0.12676407432352343,5.914911598895075,20,0.25,-1.2221736080572578,5.289421157684631,"ST(ATR14/x3.5)+MACD(8,21,7)/V0.0"
7,3.5,8,21,7,1.0,1.9400463494469726,0.38733320803557403,0.5673201996233355,-0.05041639974375415,7.682682817579788,13,0.23076923076923078,-1.886017503900489,3.1603459747172327,"ST(ATR7/x3.5)+MACD(8,21,7)/V1.0"
7,3.5,8,26,9,1.0,1.9366796008166514,0.47731567644771355,0.7085178660456763,-0.08521246930600127,5.601476876977412,12,0.3333333333333333,-0.4412566140049525,4.424484364604125,"ST(ATR7/x3.5)+MACD(8,26,9)/V1.0"
7,3.5,12,21,7,1.0,1.9366796008166514,0.47731567644771355,0.7085178660456763,-0.08521246930600127,5.601476876977412,12,0.3333333333333333,-0.4412566140049525,4.424484364604125,"ST(ATR7/x3.5)+MACD(12,21,7)/V1.0"
14,3.5,8,21,9,1.0,1.9341524445911713,0.756917377714565,1.1674363755130308,-0.12893360457365127,5.87059812852892,13,0.3076923076923077,0.607265004593393,4.69061876247505,"ST(ATR14/x3.5)+MACD(8,21,9)/V1.0"
10,3.5,12,21,9,1.0,1.9196684209605077,0.7203712734134371,1.1057928790449423,-0.16168994794540115,4.4552631908613725,14,0.35714285714285715,-0.15176267165042875,5.455755156353959,"ST(ATR10/x3.5)+MACD(12,21,9)/V1.0"
10,3.5,12,21,7,0.0,1.8875742210856,0.7881849879283305,1.2205574465276618,-0.14893034326950172,5.29230625959174,21,0.23809523809523808,-1.8469749195721956,6.952761144377911,"ST(ATR10/x3.5)+MACD(12,21,7)/V0.0"
10,3.5,8,26,9,0.0,1.8875742210856,0.7881849879283305,1.2205574465276618,-0.14893034326950172,5.29230625959174,21,0.23809523809523808,-1.8469749195721956,6.952761144377911,"ST(ATR10/x3.5)+MACD(8,26,9)/V0.0"
14,3.5,12,26,7,0.0,1.8663309083714539,0.7925123596491384,1.2279367316177279,-0.14319880418535103,5.534350402977813,20,0.3,-0.2970522223071957,7.152361942781105,"ST(ATR14/x3.5)+MACD(12,26,7)/V0.0"
14,3.5,8,26,9,1.0,1.8629781216529273,0.7200351992074467,1.1052282571611793,-0.12893360457365122,5.584542537133044,13,0.3076923076923077,0.24710413325589295,4.8569527611443775,"ST(ATR14/x3.5)+MACD(8,26,9)/V1.0"
14,3.5,12,21,7,1.0,1.8629781216529273,0.7200351992074467,1.1052282571611793,-0.12893360457365122,5.584542537133044,13,0.3076923076923077,0.24710413325589295,4.8569527611443775,"ST(ATR14/x3.5)+MACD(12,21,7)/V1.0"
10,3.5,8,21,7,1.0,1.8611745792416108,0.6069808654665243,0.9176566857052662,-0.12893360457365108,4.707701048719204,14,0.2857142857142857,-1.6607198277745712,3.7258815701929473,"ST(ATR10/x3.5)+MACD(8,21,7)/V1.0"
10,3.5,12,26,7,0.0,1.8165773673334356,0.7606879280046914,1.173823687759458,-0.14893034326950166,5.107675919528126,21,0.23809523809523808,-1.6440769161123667,7.252162341982701,"ST(ATR10/x3.5)+MACD(12,26,7)/V0.0"
10,3.5,8,21,7,0.0,1.810067064632712,0.6606720055159891,1.00614461410307,-0.14893034326950194,4.436114165938957,21,0.19047619047619047,-2.622790367685824,5.023286759813706,"ST(ATR10/x3.5)+MACD(8,21,7)/V0.0"
10,3.5,12,26,9,1.0,1.7786747239694167,0.6524379881331981,0.9925040214465726,-0.16168994794540126,4.035117806788524,14,0.21428571428571427,-0.43110939746614385,5.755156353958749,"ST(ATR10/x3.5)+MACD(12,26,9)/V1.0"
14,3.5,12,26,7,1.0,1.7630689635267294,0.680269404203687,1.0387112634718618,-0.14319880418535136,4.750524336244951,13,0.3076923076923077,0.5184383950996854,5.056553559547571,"ST(ATR14/x3.5)+MACD(12,26,7)/V1.0"
14,3.5,12,21,9,0.0,1.7368224682679931,0.7185330183599283,1.102705018922931,-0.1596020026102719,4.502030091154282,20,0.3,-0.1870903045485882,7.285429141716566,"ST(ATR14/x3.5)+MACD(12,21,9)/V0.0"
10,3.5,12,21,9,0.0,1.6871019285521487,0.6880220228417591,1.051633654419974,-0.1809347117717406,3.8025982748392577,21,0.23809523809523808,-1.5393512801517886,7.385229540918163,"ST(ATR10/x3.5)+MACD(12,21,9)/V0.0"
14,3.5,8,26,7,0.0,1.6785763521053754,0.6358581566673682,0.9651144823504234,-0.1267640743235234,5.016075414589077,20,0.25,-0.9074808777591632,6.05455755156354,"ST(ATR14/x3.5)+MACD(8,26,7)/V0.0"
10,3.5,8,26,7,1.0,1.6398438183231552,0.539078240044595,0.8073178884377383,-0.12893360457365124,4.181053045303292,14,0.2857142857142857,-1.259848693637834,4.424484364604125,"ST(ATR10/x3.5)+MACD(8,26,7)/V1.0"
14,3.5,12,21,9,1.0,1.6224542042240289,0.6093474168187636,0.9215340807203982,-0.16168994794540137,3.7686165686968054,13,0.3076923076923077,0.6551382515435258,5.156353958749168,"ST(ATR14/x3.5)+MACD(12,21,9)/V1.0"
10,3.5,8,26,7,0.0,1.5972979866008958,0.5915674549549603,0.892455240152672,-0.1489303432695018,3.9721083156604964,21,0.19047619047619047,-2.3187247295797806,6.087824351297405,"ST(ATR10/x3.5)+MACD(8,26,7)/V0.0"
7,3.5,8,26,7,1.0,1.5949861065286275,0.33052180655074004,0.479901916489786,-0.08521246930600129,3.8787962517999963,13,0.3076923076923077,-1.7419722305386058,3.6593479707252166,"ST(ATR7/x3.5)+MACD(8,26,7)/V1.0"
14,3.5,8,21,7,1.0,1.5919705896507608,0.5273673544731861,0.7884687552370031,-0.1289336045736512,4.090224237638033,13,0.23076923076923078,-1.3728479533583888,3.4597471723220226,"ST(ATR14/x3.5)+MACD(8,21,7)/V1.0"
14,3.5,12,26,9,0.0,1.483234500318356,0.5855517751668828,0.8826439984912346,-0.1916668773997644,3.055049381044503,20,0.2,-0.6049762589084134,7.717897538256819,"ST(ATR14/x3.5)+MACD(12,26,9)/V0.0"
14,3.5,8,26,7,1.0,1.4687438613469184,0.4929473207439403,0.7333806142956609,-0.12893360457365116,3.823264868565374,13,0.23076923076923078,-0.9306851542929595,4.125083166999334,"ST(ATR14/x3.5)+MACD(8,26,7)/V1.0"
14,3.5,12,26,9,1.0,1.4684696532107013,0.5393041514467927,0.8076820287308057,-0.16168994794540137,3.3354216406136894,13,0.15384615384615385,0.24699749070389598,5.489021956087824,"ST(ATR14/x3.5)+MACD(12,26,9)/V1.0"
10,3.5,12,26,9,0.0,1.4162023176928233,0.547843403864344,0.8214607973131725,-0.2121856500093761,2.58190600467155,21,0.14285714285714285,-1.927696801381891,7.850964737192283,"ST(ATR10/x3.5)+MACD(12,26,9)/V0.0"
